avg_mean_log_return_20d,std_mean_log_return_20d,avg_volatility_20d,positive_return_ratio_20d,Original_Market_Regime
0.0033242968,0.004825655,0.019058004,0.57349455,0
0.0025840607,0.0046393955,0.020659756,0.54023683,0
0.0017490671,0.0033077293,0.023010418,0.54241395,0
-0.0003886685,0.0051792483,0.019564878,0.51920193,0
0.001855232,0.0031876122,0.020863634,0.5265837,0
0.0017299653,0.0042633917,0.016238736,0.5645662,0
-0.0012982799,0.0050150193,0.019603845,0.5208879,0
-0.0009810139,0.0052530314,0.020187333,0.5136743,0
0.004283492,0.0050628996,0.02590613,0.5600474,0
0.0030010962,0.0047450196,0.022112865,0.55821395,0
0.003301236,0.0034647277,0.02231768,0.5706094,0
0.0012962812,0.0043345713,0.016436057,0.5494467,0
0.00047649653,0.0041634627,0.015934387,0.52809197,0
0.0039691464,0.0049439296,0.022779746,0.55880684,0
0.0048705842,0.004082069,0.02282813,0.5767572,0
-0.0026605385,0.005321309,0.025869548,0.49541372,0
0.002021752,0.0047106994,0.019477347,0.5438743,0
0.00066307484,0.0043002744,0.02240773,0.5292615,0
-0.002311477,0.0058241547,0.022921842,0.5021378,0
-0.0034330175,0.0041410057,0.030918362,0.48569497,0
0.0016329924,0.004230634,0.019398564,0.5337438,0
-0.00030297192,0.003593713,0.023833,0.5132635,0
0.0004844549,0.0055901655,0.022652386,0.5304252,0
0.0036710452,0.005115186,0.022193367,0.5622075,0
0.0027526198,0.0032199312,0.020531498,0.54903245,0
0.0037983065,0.0044392315,0.018320668,0.59070456,0
0.00059824646,0.0044847424,0.0153682865,0.53709435,0
-0.0013501245,0.0039375317,0.021997148,0.50406736,0
0.0028165649,0.00424693,0.01642906,0.5944096,0
0.0023884505,0.0036594651,0.026783736,0.5361467,0
0.00044433633,0.004374567,0.015295368,0.53124917,0
0.00036946486,0.0042026015,0.019810226,0.51858026,0
0.0014388127,0.0042801346,0.01725831,0.54778266,0
0.0027552862,0.005173132,0.019979835,0.5565697,0
-0.0005496697,0.0033354203,0.025044927,0.5084587,0
0.00079953345,0.0048847944,0.018135447,0.54115444,0
-0.0011768363,0.0051313485,0.026850967,0.5147676,0
0.004916168,0.0059002787,0.021646753,0.5853278,0
0.00018494879,0.0048021576,0.016126176,0.5390462,0
-0.00039920013,0.0042413916,0.02256599,0.51991445,0
-0.00077480765,0.004089017,0.026161605,0.512137,0
0.0014234843,0.004191324,0.017452553,0.5394122,0
0.0018447285,0.004977266,0.01825375,0.5694877,0
0.0019535178,0.0041164043,0.015433465,0.56817394,0
0.0046128086,0.0037799526,0.016027773,0.6273074,0
0.0021708717,0.004045806,0.018801542,0.5490595,0
0.00035397115,0.004736569,0.015576597,0.54047036,0
0.0021098412,0.0043143216,0.020361854,0.5529437,0
0.0020229435,0.004494535,0.017159183,0.55477655,0
0.0034556398,0.004773989,0.018490998,0.5843137,0
0.0006066989,0.0033907166,0.024216149,0.5217984,0
-9.816842e-06,0.004712755,0.018360915,0.5182761,0
0.0014244363,0.0053184917,0.01969962,0.5616693,0
-0.0023528426,0.0044349767,0.021003928,0.5106742,0
-0.0004622949,0.0051317364,0.020512952,0.5185816,0
0.0030350443,0.0034574037,0.01892469,0.5593031,0
-0.0021382133,0.0041529792,0.028633611,0.49759483,0
0.00066027493,0.0045609325,0.016596911,0.5359389,0
0.0048939288,0.0034364953,0.021005047,0.609959,0
-0.00063189433,0.004586269,0.02081342,0.5099977,0
0.0013811381,0.0053069973,0.020245673,0.5430623,0
0.002431501,0.0040594717,0.019775104,0.54913837,0
-0.0006230363,0.0036847917,0.026675545,0.5117185,0
0.0014427949,0.0037128567,0.019554827,0.5273744,0
0.0009431109,0.0026538076,0.025202854,0.5268274,0
0.0042603775,0.00425227,0.024853274,0.5652994,0
0.002583446,0.004961229,0.019690314,0.5630358,0
0.0005780716,0.0030929858,0.026073014,0.52516454,0
0.0043610907,0.0030282305,0.022390224,0.5791557,0
0.004348024,0.004969547,0.02202605,0.57001585,0
0.004224934,0.004880663,0.023575256,0.56166995,0
0.0043808436,0.004821138,0.021281077,0.5797413,0
0.003108249,0.003647519,0.017951997,0.5690793,0
0.005243193,0.0032774764,0.022423243,0.60068846,0
-0.0031950995,0.0042873,0.029111693,0.4879682,0
0.003334422,0.0038300883,0.015900858,0.5901473,0
-0.003115261,0.0043398933,0.03150065,0.4877273,0
0.003371088,0.0038471455,0.015878152,0.5904566,0
0.002055349,0.003630523,0.02011728,0.535501,0
-0.0019579923,0.004826062,0.029943958,0.5027363,0
0.0030266033,0.0045582727,0.019257687,0.5605125,0
0.002561189,0.0051097656,0.021699684,0.548103,0
-0.0010673174,0.0039837826,0.027647095,0.50646585,0
0.0018076954,0.004616912,0.030407095,0.53961116,0
0.0033194295,0.005453439,0.020080535,0.55934995,0
-0.00065971224,0.004953888,0.025322165,0.516749,0
0.00257426,0.0035575537,0.017913293,0.5526215,0
0.0021691155,0.004327275,0.02183182,0.5340149,0
0.0032168853,0.0034792917,0.017672373,0.5572819,0
0.0010623477,0.0037434655,0.018455015,0.51527965,0
0.0012472705,0.0051249545,0.020573547,0.5377645,0
0.0038147164,0.0038714472,0.020384474,0.58921367,0
0.0013452157,0.004105949,0.015409863,0.5465902,0
0.0013057136,0.0044343155,0.022539876,0.5405616,0
9.438209e-05,0.005672649,0.02072057,0.5275628,0
0.00019950513,0.003985764,0.022368096,0.5161049,0
0.0010464889,0.0038594722,0.017454589,0.5197177,0
-0.00088230276,0.004245478,0.027794631,0.509894,0
-0.0008966202,0.0039107446,0.028112521,0.5081832,0
0.0005554204,0.0045188195,0.016797327,0.545321,0
0.0015603286,0.0040078154,0.017722227,0.53549564,0
0.0012287677,0.0046005296,0.015208063,0.5728675,0
0.0024811595,0.0047489246,0.020066876,0.55413514,0
0.0030963062,0.0048597846,0.024252689,0.5387534,0
-0.005160323,0.0044557997,0.03313233,0.46653026,0
0.0034429617,0.004081197,0.019938285,0.58201176,0
-7.065979e-05,0.004543837,0.017992614,0.515555,0
-0.00044749153,0.004470313,0.021387445,0.51611286,0
0.004511694,0.0032940104,0.021322744,0.58349115,0
0.0027147257,0.004851972,0.02404381,0.55237705,0
0.0012561128,0.004275783,0.01723717,0.5360044,0
-2.9583116e-05,0.004419984,0.024270497,0.5196628,0
0.001881395,0.0041019632,0.021572348,0.5510062,0
0.0021217265,0.0027874643,0.02155141,0.53165114,0
-0.0016422736,0.003657939,0.029398816,0.50158626,0
0.0016249786,0.0042212107,0.016704932,0.5537386,0
0.0012724032,0.0038179003,0.01831912,0.527709,0
0.0036964617,0.0034058425,0.017979791,0.57601297,0
0.0003542538,0.0039100666,0.021498417,0.5166804,0
0.00097478984,0.0048328545,0.024270426,0.5305477,0
0.0018589377,0.0029281052,0.02776297,0.5397666,0
0.0004960295,0.004969222,0.02008222,0.52803534,0
0.0020016935,0.00472994,0.01668979,0.58740216,0
0.0006894436,0.004660389,0.017737048,0.5333805,0
0.0018189992,0.0040842714,0.020410322,0.53691053,0
0.005451576,0.004366886,0.020105552,0.59554857,0
0.00092639984,0.0040429193,0.020550746,0.52665657,0
-0.00012474833,0.003445987,0.02761973,0.5120952,0
0.003905554,0.0043481695,0.020865694,0.568804,0
0.00021080417,0.0047246697,0.021149328,0.52464795,0
0.000493526,0.0039018476,0.020267963,0.513917,0
0.0035959806,0.0041839425,0.019963386,0.58077204,0
0.00068665686,0.00326523,0.024247257,0.52244025,0
0.002846796,0.004900308,0.017501647,0.5976936,0
-0.002198192,0.0034663696,0.03211897,0.49710253,0
0.0019910631,0.003995306,0.018196074,0.54465955,0
0.0003080835,0.0041188723,0.017563906,0.52079433,0
0.0034241534,0.005156084,0.019975083,0.58665276,0
0.0015552022,0.004483441,0.017560026,0.57826805,0
0.0021883822,0.005395816,0.023094043,0.5451237,0
-0.0013399307,0.0039814455,0.024886332,0.5003888,0
0.0023556608,0.0033151428,0.022362124,0.5412002,0
-0.0005256826,0.0036642028,0.022735007,0.5085341,0
0.0032656959,0.0046075764,0.020974439,0.56113493,0
-0.000112768495,0.005454491,0.024821607,0.52522737,0
0.0012706456,0.004431727,0.015719771,0.5585824,0
-0.00063953304,0.0042471853,0.020078707,0.52634674,0
0.0022215159,0.006004194,0.024035772,0.5465363,0
0.0021546972,0.0053649596,0.02211049,0.54504144,0
-0.002066668,0.0048937947,0.024694137,0.4981064,0
0.0017924879,0.0049309894,0.021000622,0.5317489,0
0.003702429,0.0040279343,0.021209331,0.574354,0
0.0021303473,0.0035365657,0.021807153,0.54808235,0
0.0018793008,0.004977515,0.016388802,0.59065056,0
0.001579322,0.0048492528,0.022587426,0.5410146,0
0.00041255332,0.0039005766,0.026893366,0.52557385,0
-0.0018908473,0.0038947887,0.02710363,0.49742967,0
-0.0005982282,0.0042963824,0.026892077,0.5182866,0
-0.0026306445,0.0049826815,0.021193944,0.5187018,0
0.0023330844,0.004697167,0.025098588,0.54623955,0
0.00087695906,0.0039575803,0.020256413,0.52275026,0
0.0026124134,0.00620222,0.020184463,0.57023513,0
-0.0005984135,0.0052668666,0.019861808,0.5363442,0
0.0019129807,0.004019313,0.017462747,0.5471055,0
0.0023037426,0.0035728803,0.018898804,0.5403524,0
-0.0011468477,0.005139325,0.022119131,0.50878066,0
0.0036916796,0.004246782,0.020274337,0.5847374,0
0.0007913073,0.0047658985,0.017135147,0.55190945,0
0.0013753917,0.0058700177,0.019369118,0.55930877,0
0.004700865,0.0051631643,0.020000527,0.60026056,0
0.0031346213,0.003937545,0.024341587,0.56201345,0
0.0012573657,0.003489266,0.022432888,0.53249323,0
0.00039281778,0.004946929,0.017151034,0.5295645,0
0.0010443694,0.0033452883,0.022078097,0.52107185,0
0.0011575335,0.005346188,0.018197132,0.5497429,0
-0.0019055341,0.003544768,0.031661,0.4980375,0
0.0019401271,0.0036645299,0.016150877,0.53200173,0
-0.00035543332,0.0047707744,0.014175568,0.5298534,0
0.0044140397,0.0054461774,0.021411387,0.57753205,0
0.0033729442,0.004647061,0.01856293,0.5898823,0
0.0028021962,0.0046616136,0.018996233,0.5718015,0
0.0042188778,0.0034999705,0.02068306,0.5968782,0
0.002230353,0.004382313,0.018210683,0.5531375,0
0.0013364935,0.004419693,0.017294414,0.553448,0
0.00055966,0.0057462123,0.020936882,0.537746,0
0.00040079665,0.0033907108,0.024521662,0.5201222,0
0.002005796,0.0036540187,0.02300053,0.54014206,0
0.0022989889,0.0038360422,0.024539186,0.5402783,0
0.007978903,0.0041129123,0.02323607,0.6243265,0
0.0032843996,0.0047901506,0.02002187,0.5706043,0
0.0042250264,0.0054035774,0.021330772,0.5623446,0
0.0031445993,0.0040583382,0.019451916,0.57376873,0
-0.0020089902,0.004499355,0.026690846,0.5033813,0
0.0018486583,0.0043015126,0.017890882,0.55291146,0
0.0035225737,0.005150276,0.021844376,0.5607074,0
0.005726511,0.0058492986,0.023419831,0.5723498,0
-0.0013113491,0.0047168485,0.027963294,0.5077938,0
0.001102904,0.004492302,0.018947292,0.5337157,0
-0.00012965128,0.003242527,0.023687419,0.51217055,0
0.0005197199,0.0021646735,0.027284592,0.52293456,0
0.0005297775,0.0044621397,0.017723793,0.521614,0
0.0028484731,0.004432386,0.017127916,0.57192135,0
-0.001224788,0.0056017735,0.026598457,0.5158297,0
0.003089791,0.004165938,0.018731758,0.586878,0
0.0016830431,0.0056482023,0.02170968,0.54252714,0
0.0013517354,0.0039532147,0.025164979,0.5438976,0
0.005152876,0.004693888,0.023257418,0.5755417,0
0.002248331,0.004266444,0.015674945,0.6103842,0
0.0005098854,0.0038506635,0.021613259,0.5221085,0
0.004299296,0.004076306,0.019996481,0.59421533,0
-0.0012273985,0.00583156,0.019088166,0.5173485,0
0.0026085225,0.005070039,0.023975154,0.5499055,0
0.0029074901,0.0042744945,0.017729709,0.5682501,0
0.0004747546,0.0046963403,0.02053154,0.5242742,0
0.005703013,0.003517053,0.022697661,0.60408527,0
0.00060375035,0.0044189855,0.016656268,0.5260733,0
-0.00030724285,0.0052919383,0.016319072,0.5275207,0
-0.00032981962,0.0036282844,0.021213928,0.5029879,0
0.0022340459,0.0038216496,0.02471528,0.5475415,0
0.0010229971,0.004860828,0.019131364,0.53726214,0
-0.0021108363,0.005324874,0.01884702,0.4945002,0
0.0033038063,0.0043427018,0.01969411,0.5820389,0
0.0017385273,0.0042731627,0.017625727,0.5743695,0
-0.0006739235,0.00397373,0.026849443,0.51258993,0
0.0010899454,0.004173727,0.01514822,0.54554605,0
0.0041527417,0.006003387,0.026427506,0.5650253,0
0.00053359626,0.0035024143,0.022293553,0.5191286,0
0.001279385,0.0055840113,0.024172338,0.5446886,0
0.004591066,0.004924456,0.020104526,0.5822745,0
0.0034374776,0.0039959196,0.023501672,0.559096,0
0.0017046705,0.0033243098,0.0226677,0.53564095,0
0.0015727475,0.0054485323,0.016287323,0.5800012,0
0.0041859983,0.0047702803,0.019302055,0.5809401,0
-0.00089061644,0.0038760686,0.02519009,0.5108729,0
0.0024904802,0.003788383,0.026343107,0.5477172,0
0.00364692,0.0040712194,0.020868283,0.5786581,0
0.0032261347,0.0037584726,0.019688543,0.5564143,0
0.0026190483,0.0039132205,0.020131888,0.55257297,0
0.0007595024,0.0050863186,0.017369762,0.55901176,0
0.0034687575,0.003505355,0.02222549,0.57841915,0
0.0023982232,0.0037557113,0.019790798,0.5485922,0
0.0011460481,0.0047509368,0.01729266,0.5508367,0
0.0007443794,0.004519436,0.01795152,0.52938807,0
0.00054312544,0.004282097,0.0152370455,0.5459474,0
0.0025544427,0.0044995295,0.019561682,0.5687364,0
0.0026269834,0.0043484373,0.02006701,0.5578445,0
0.000721312,0.0038775383,0.019726204,0.5168089,0
0.00086070516,0.0036117036,0.023442069,0.5273845,0
0.0024392672,0.003921779,0.021810155,0.5534065,0
0.00118586,0.0038386183,0.018010315,0.5249158,0
0.00289129,0.003913609,0.018999722,0.5723099,0
0.0041133766,0.003996626,0.024214718,0.568074,0
0.0019884005,0.00358843,0.019494783,0.536049,0
0.000106361345,0.0037175585,0.027919166,0.51822335,0
0.003647238,0.0036629715,0.023474053,0.574663,0
0.0031694288,0.0038347158,0.017636212,0.5842161,0
0.00017719122,0.0031259833,0.023848327,0.5060993,0
0.0036423078,0.004651614,0.018769855,0.5955944,0
0.0033045732,0.0032607552,0.019076329,0.5622,0
0.0043146666,0.0036667038,0.019393856,0.5957246,0
0.002741506,0.0034313127,0.017498523,0.5591569,0
0.0014131838,0.003852573,0.017004102,0.5299781,0
0.0015300406,0.0047947853,0.016798237,0.5693593,0
0.0019769452,0.004020519,0.014772088,0.5676125,0
0.003248552,0.005259621,0.019971551,0.5673024,0
0.00430385,0.0046511167,0.021451915,0.57182723,0
0.0012388872,0.0038882846,0.019490004,0.52616614,0
-0.0006289127,0.004043449,0.018850207,0.5108377,0
-0.00044162956,0.0052732653,0.023134679,0.5208542,0
0.0069240443,0.0046199337,0.022460079,0.6068487,0
0.0034001926,0.0040049036,0.020451138,0.57702035,0
0.001437963,0.0043380903,0.015268983,0.55827284,0
0.0026800109,0.003950121,0.017123215,0.5659383,0
0.00057154114,0.0031139697,0.025028614,0.52369076,0
0.0016535529,0.0035426647,0.01937704,0.52493966,0
0.0010099709,0.004332499,0.018243268,0.52915806,0
0.0010019683,0.0037277173,0.02105308,0.5234389,0
0.000151871,0.003941845,0.025996814,0.52071726,0
0.0017960282,0.0028323582,0.02367557,0.5356474,0
0.0017741846,0.0034371156,0.023972644,0.54422235,0
-4.9968985e-06,0.0053738696,0.019092668,0.5239431,0
0.00055597525,0.004979402,0.017408442,0.53616625,0
9.01873e-05,0.004665294,0.014620632,0.5629248,0
0.0024777432,0.0034841336,0.015553852,0.55060285,0
-0.0007655184,0.004516659,0.028211445,0.512343,0
0.0026213275,0.0034304,0.01710514,0.55048054,0
0.0033961118,0.0041517136,0.020195078,0.57785726,0
0.0019375016,0.0035041124,0.020784026,0.53099096,0
0.0043655774,0.0037315567,0.019884484,0.5976659,0
0.002174099,0.0031134,0.020410474,0.531938,0
0.0026998944,0.004949307,0.02074738,0.54911643,0
0.00045736122,0.004554026,0.014812029,0.54336256,0
0.000870047,0.0048498083,0.019063838,0.53382677,0
0.0009015116,0.004335177,0.01656166,0.523822,0
0.0011273975,0.005348371,0.01874352,0.5560834,0
0.0019294946,0.0041876184,0.015338119,0.5729569,0
-0.0025112624,0.0037093083,0.024566224,0.49565098,0
-0.0006675058,0.0035804268,0.02786814,0.5124361,0
0.0017684427,0.0050021433,0.019673565,0.5433199,0
0.00082070683,0.0046026185,0.016905699,0.5430554,0
0.0010058373,0.0038618934,0.018715777,0.517228,0
-0.00062530686,0.0041096886,0.023067595,0.5064909,0
0.0028733995,0.0036629664,0.021976767,0.56309223,0
0.0026859762,0.005466498,0.01946404,0.5742984,0
0.0031653235,0.003390673,0.023216031,0.56487703,0
-0.0025859256,0.005761252,0.028987752,0.5023987,0
0.00478168,0.00454867,0.022435958,0.57601357,0
0.0020875612,0.004516892,0.01823341,0.580847,0
0.0025335613,0.0057036635,0.023829749,0.548667,0
-0.0014907102,0.004602046,0.021806838,0.5045184,0
-0.00022665481,0.0036004724,0.022839308,0.50710744,0
-0.00077790057,0.004099976,0.024861194,0.52168745,0
0.0025033837,0.00396714,0.01812862,0.5579708,0
0.003300775,0.0055720787,0.020289011,0.5587682,0
0.0027502966,0.004318826,0.021740012,0.55678993,0
0.0018347739,0.003494486,0.021347152,0.5476603,0
-0.0009409402,0.0027398213,0.030328365,0.50500333,0
-0.00081104075,0.0038563174,0.028009126,0.5135662,0
0.0008132529,0.003116813,0.024537679,0.5276613,0
0.0015253697,0.00434351,0.017055295,0.5587434,0
0.003288215,0.0050254874,0.018546667,0.5786402,0
0.0021388994,0.003693535,0.020073889,0.5361504,0
0.0023610059,0.0046529574,0.01714366,0.561696,0
0.0022745908,0.003814932,0.020743635,0.54507834,0
0.0055085747,0.005217613,0.021463316,0.59263074,0
-0.0002735589,0.003767197,0.022489794,0.5181409,0
0.0028817388,0.004443714,0.024768677,0.55428576,0
0.001390418,0.002788511,0.023059402,0.5248962,0
0.0028340481,0.005069637,0.01724935,0.59234685,0
-0.00011762162,0.0050975094,0.016392214,0.5530768,0
-0.00032119465,0.00445498,0.018398646,0.5137887,0
-0.0013861504,0.0035208822,0.026176788,0.5031815,0
0.0023151035,0.0046848967,0.030879416,0.53715676,0
-0.0006775864,0.0045399466,0.016590957,0.5280133,0
0.0028457993,0.0048232423,0.025576545,0.54442924,0
0.006112539,0.0059811817,0.02197601,0.5811583,0
0.0033059402,0.0034238538,0.021979623,0.56511974,0
0.0036501423,0.0044934107,0.023360653,0.5509829,0
0.0013405927,0.0044785542,0.017437896,0.5555395,0
0.0009950426,0.0034358427,0.023816567,0.5364552,0
0.00073662953,0.0044522802,0.022517776,0.52876383,0
0.0010307994,0.004976845,0.022255637,0.5398022,0
-0.0018141839,0.004329732,0.02116831,0.4913247,0
-0.0013006198,0.0029568002,0.02862519,0.50145644,0
0.0014122145,0.0031967668,0.022703458,0.5324489,0
0.00026632647,0.0038278734,0.02209798,0.5262667,0
-0.0008569987,0.003574923,0.02484914,0.50712156,0
0.00016241963,0.0041214656,0.020020587,0.5248592,0
-0.001679395,0.005172735,0.015887639,0.5283367,0
-0.0002149255,0.0042852587,0.019114332,0.5070356,0
0.00114479,0.0051786005,0.01447522,0.59517175,0
0.0030394006,0.0032865698,0.0241259,0.5642762,0
0.002266265,0.0036942437,0.019017695,0.55146253,0
-0.0018497644,0.004696947,0.017228423,0.53653586,0
0.0012492646,0.0036032929,0.020883335,0.526176,0
0.0019279151,0.0037441675,0.024338063,0.53874284,0
0.0016361704,0.0038973389,0.015003373,0.5533963,0
0.0022024687,0.0042539015,0.01732932,0.5716038,0
0.0044653257,0.0037370697,0.019075567,0.5941033,0
0.003514748,0.0055533587,0.020162785,0.5663968,0
0.004527184,0.0038387843,0.019433094,0.6130046,0
0.0034661584,0.0055917515,0.020914309,0.5591722,0
0.0013476034,0.004715257,0.020728448,0.5330675,0
0.0054926677,0.004172931,0.022005197,0.60806084,0
0.0014689142,0.0033385518,0.02086902,0.5254872,0
0.0036299007,0.0038290927,0.019248554,0.5949958,0
0.0045604496,0.0037250975,0.019852938,0.5871627,0
0.00094845373,0.0038713994,0.018183328,0.5199817,0
0.0021103437,0.0047277017,0.019378679,0.55328435,0
0.0026048103,0.00438392,0.018128166,0.5576473,0
0.00024414936,0.0033321197,0.023981687,0.5124276,0
0.002894571,0.0043318905,0.017893558,0.5924859,0
-0.0004677571,0.0042040516,0.018084876,0.49608055,0
-0.00066119235,0.005191315,0.01792319,0.51884973,0
0.0029390438,0.004162636,0.025717588,0.55012935,0
0.0041683596,0.0049343435,0.021329308,0.56270456,0
0.0009726499,0.004722849,0.017465983,0.5511703,0
-0.0016609885,0.003985757,0.02925742,0.50054795,0
0.004553743,0.004656789,0.02025112,0.5871393,0
0.001987722,0.0037847823,0.019360153,0.55402124,0
-0.00029955572,0.00337112,0.024205728,0.51130015,0
0.0004732,0.0039032947,0.019446213,0.5097971,0
0.004786009,0.003905259,0.020472856,0.5935683,0
0.0014907164,0.0038513301,0.017516494,0.5402739,0
0.0031932017,0.003977012,0.018577226,0.56866366,0
0.00059085747,0.0045300364,0.015194351,0.5394081,0
0.001955898,0.0041678217,0.023946412,0.538947,0
0.0030643693,0.00349499,0.022194277,0.5694027,0
-0.000961552,0.005894419,0.022202797,0.5170352,0
0.00044839852,0.004852449,0.027373318,0.52120686,0
0.005823288,0.0057875183,0.022207223,0.5765328,0
-0.0016246407,0.0034573334,0.027594749,0.49859354,0
0.0019175144,0.0037215343,0.01747498,0.5363811,0
8.050492e-05,0.003406942,0.019822173,0.5079753,0
0.001988543,0.003993349,0.017743442,0.56405586,0
0.0049370257,0.004243558,0.024188923,0.57979053,0
-0.0012085993,0.00475046,0.026969027,0.5130892,0
5.8642585e-05,0.0035241647,0.02355096,0.5230948,0
0.0018472148,0.004376585,0.01877342,0.5642156,0
-0.002638779,0.0044567455,0.021514427,0.4840603,0
-0.0001609932,0.0045589604,0.015384701,0.5216452,0
0.0012640582,0.0031209083,0.022296848,0.5247481,0
0.0037948068,0.0050371597,0.025884839,0.5615582,0
-0.00041643868,0.0051849987,0.019531537,0.5162903,0
0.006210951,0.0053372546,0.024591103,0.5802796,0
0.0015737171,0.0041961847,0.018325318,0.55249125,0
0.0031381028,0.0057684286,0.022118721,0.5537935,0
0.0015480861,0.004165518,0.016708586,0.57377887,0
-0.0015151334,0.0038967985,0.021829981,0.49900174,0
0.0030747168,0.003785416,0.020891143,0.55878633,0
0.0013578923,0.0048308414,0.017449023,0.5631536,0
0.00387092,0.005512533,0.02266235,0.5598954,0
0.002137282,0.0050092656,0.025131788,0.5426535,0
0.0011864459,0.0042200377,0.018202962,0.53046,0
-0.000374216,0.0043033785,0.022872545,0.5111858,0
-0.00031494175,0.0031118183,0.025345929,0.5021805,0
0.002478656,0.0044756713,0.015815837,0.5882412,0
0.00015550177,0.004391267,0.022613594,0.5233458,0
0.0010477363,0.0038290462,0.018454993,0.51834476,0
0.002943794,0.004767767,0.0209714,0.55366474,0
0.0012155605,0.004429686,0.015548682,0.5620522,0
0.0014129014,0.0045286547,0.017690249,0.57533944,0
0.0036744329,0.003597459,0.019034887,0.57387084,0
0.0033761773,0.004125606,0.02145352,0.5689476,0
0.0049213795,0.0033998021,0.023333209,0.59721226,0
-0.0020151183,0.0042034085,0.022034746,0.505269,0
0.00024178962,0.004646949,0.015604628,0.5280193,0
0.0020208252,0.0036600549,0.018317856,0.5365141,0
0.00027308543,0.004669176,0.022590982,0.534831,0
-0.00062550756,0.004542165,0.029486073,0.51261485,0
0.0024508622,0.0053839446,0.018023953,0.5905104,0
0.0010508037,0.004195409,0.016710132,0.5300147,0
0.0008779861,0.00407058,0.015262225,0.5404445,0
0.0020260075,0.0042971466,0.018081592,0.560072,0
-0.0033613327,0.0037345616,0.027232463,0.47447234,0
0.00041137298,0.006032074,0.022384748,0.53124636,0
0.0022700892,0.0054096137,0.017907238,0.582799,0
-0.0006386348,0.0043040477,0.02168349,0.511863,0
0.0026454234,0.00570839,0.021358013,0.5503875,0
0.0036219826,0.004127635,0.021392642,0.5674092,0
0.001115237,0.0039961757,0.017451236,0.52008355,0
0.001314411,0.003916998,0.018111516,0.5239184,0
0.003279276,0.0033539047,0.020961113,0.56582874,0
-0.00027325144,0.0047386414,0.020710772,0.51660913,0
0.00091181917,0.004312466,0.021913135,0.5254016,0
0.0004087264,0.003955089,0.020873575,0.51574636,0
0.0052787433,0.0037795785,0.022156175,0.5902224,0
-0.0034427005,0.0053480826,0.0284954,0.4890275,0
0.0025234958,0.0032154114,0.020316724,0.5419357,0
-0.00039900385,0.004366274,0.01948261,0.5082327,0
-0.00095754524,0.004570618,0.021116676,0.5087173,0
0.00026664534,0.003254076,0.023339886,0.5071728,0
0.00089847774,0.00517833,0.022442266,0.53877133,0
0.00039704377,0.0047922465,0.011626214,0.5931776,0
0.0012633635,0.0036298283,0.017865304,0.5183559,0
-0.0021177381,0.0061545796,0.016696868,0.5065848,0
0.0020084893,0.0039882367,0.016916292,0.57692415,0
0.003724989,0.0053179,0.021956552,0.5587439,0
0.0015020882,0.0046891733,0.018594807,0.54582286,0
-0.0034455955,0.0056588454,0.025839815,0.49087256,0
-0.00012428442,0.0046615396,0.017062286,0.5247677,0
0.0037127493,0.0039442857,0.018828174,0.5979503,0
0.0033335309,0.0029014142,0.018989991,0.5614748,0
0.0015498243,0.0043441704,0.016453631,0.57119906,0
0.0034040185,0.004679542,0.020704469,0.56674016,0
0.003538479,0.0040709525,0.021314988,0.5642695,0
0.001991116,0.0042923614,0.0160271,0.57917935,0
0.0002955231,0.0045919907,0.020333068,0.5251946,0
0.0025069017,0.0041366084,0.019039502,0.57019675,0
0.0029404275,0.004008895,0.01861436,0.56971264,0
0.0009921816,0.00422384,0.017763441,0.5260596,0
0.0011100158,0.0034461182,0.025371494,0.5368676,0
0.00027233025,0.003486904,0.020177124,0.50985545,0
0.0016240033,0.0034505173,0.023430455,0.5283824,0
0.0013993682,0.0046972963,0.017567815,0.56159776,0
0.0005967263,0.004875018,0.017362773,0.5437869,0
-0.00019263302,0.005205542,0.016013091,0.53133833,0
0.0027860026,0.003678229,0.019737672,0.55309623,0
0.0008228079,0.0037995228,0.019599104,0.5176411,0
0.00053215714,0.003545768,0.023008144,0.51774186,0
-0.0034756637,0.0044847587,0.030653356,0.48189065,0
0.003942244,0.0056249243,0.020590942,0.56730974,0
-2.8925253e-05,0.004368974,0.017509654,0.5159361,0
0.0026703624,0.0056467922,0.02170879,0.55026394,0
-0.001084091,0.0032481689,0.028749155,0.50507176,0
0.00023044553,0.004084558,0.01992113,0.513072,0
0.0037859636,0.0056292717,0.024001965,0.5592785,0
0.00033422862,0.0042326683,0.021856982,0.5193187,0
0.0014327567,0.004187064,0.01869875,0.5336237,0
0.001581366,0.004098069,0.018001666,0.54023045,0
0.0028123,0.0052750437,0.019304099,0.5682293,0
0.0006197621,0.004371048,0.014036543,0.5591807,0
0.0055665583,0.0055384836,0.022475485,0.57635295,0
-0.0010707319,0.0040427195,0.02107248,0.5072084,0
0.0010204619,0.0047467733,0.015893148,0.5709667,0
0.0014325759,0.0038147105,0.019633107,0.5295575,0
0.0028322712,0.004469905,0.0212089,0.5493441,0
0.002940566,0.0042208564,0.017379997,0.58663875,0
0.0011455485,0.004179953,0.017544452,0.5302418,0
0.002992876,0.004080183,0.017983299,0.5638293,0
-0.0009148007,0.002408869,0.013025759,0.4701422,1
-0.0024222438,0.0036609883,0.020116858,0.4652589,1
-0.0008924111,0.0038937477,0.016006798,0.47457057,1
-0.001607106,0.0030075444,0.019513873,0.47715446,1
-0.005745444,0.0031435043,0.018978415,0.36323538,1
-0.0013446279,0.0025137789,0.014246723,0.4613742,1
-0.0013872944,0.0028498578,0.015745265,0.4673037,1
-0.0030451366,0.0029805729,0.019726783,0.44653186,1
-0.0013002559,0.0031829884,0.015953576,0.46590826,1
-0.00064710696,0.0027205579,0.013263891,0.48223516,1
-0.0011589221,0.0038928636,0.020198366,0.48403326,1
-0.0018590284,0.0023740819,0.0139778275,0.44004953,1
-0.0022769095,0.002755811,0.018480105,0.45529452,1
-0.0012370744,0.002773743,0.011646907,0.44644362,1
-0.001055907,0.0029339767,0.014834104,0.4702699,1
-0.0014599898,0.003513044,0.015799886,0.45756906,1
-0.0008082636,0.0019941865,0.013719312,0.47801164,1
-0.0024157637,0.002749954,0.017863384,0.4532618,1
-0.0032304022,0.0031981736,0.018450893,0.4303987,1
-0.0008933695,0.0027015854,0.013545596,0.47606337,1
-0.0018230862,0.0031409666,0.016230097,0.4511502,1
-0.0028507353,0.003338132,0.016727643,0.42331064,1
-0.0006588235,0.004250132,0.023801442,0.5134403,1
-0.00034290107,0.003669049,0.015240312,0.49160275,1
-0.0016600554,0.0023839774,0.013976392,0.44775072,1
-0.0010054228,0.0035123406,0.015225394,0.47106025,1
-0.0012557382,0.00297904,0.014296214,0.4617047,1
-0.0017516649,0.0031898443,0.016157998,0.45263967,1
-0.0002785533,0.0033784204,0.014420248,0.4945214,1
-0.000996284,0.002517843,0.018857898,0.491819,1
-0.00012503129,0.0034034762,0.014928423,0.49905118,1
-0.0029972359,0.0037420215,0.01786052,0.42028627,1
-0.0002438095,0.003126206,0.016294258,0.5012914,1
-0.0036854038,0.0045101987,0.0203752,0.42266038,1
-0.0020597696,0.00234767,0.014338154,0.43757167,1
-0.0013144775,0.002358907,0.012823417,0.44988617,1
-0.00024287806,0.0032576218,0.015374256,0.4971642,1
-0.002569148,0.0031960637,0.020199852,0.45530346,1
-0.0008688665,0.0021384088,0.011007193,0.46071908,1
-0.005484371,0.003345012,0.023272663,0.4185956,1
-0.0015748547,0.0038257693,0.018226443,0.4651502,1
-0.0009433338,0.0022297513,0.01721434,0.48501825,1
-0.00066529925,0.0033208255,0.017205248,0.4909924,1
-0.0020908543,0.0031355242,0.014113411,0.42806727,1
-0.0015001044,0.0031003172,0.013615295,0.44882002,1
-0.002543723,0.0029071844,0.012512123,0.40250522,1
-0.0008921249,0.0035745979,0.016840523,0.4757421,1
-0.00078046304,0.002176289,0.011295633,0.46473923,1
-0.0031307791,0.0030089153,0.015116291,0.40312397,1
-0.0004480382,0.0034809248,0.01707149,0.48990902,1
-0.0045376206,0.0034433114,0.017379323,0.3781181,1
-0.0011508088,0.0024282723,0.013458241,0.46272013,1
-0.00087892707,0.0016668617,0.00953215,0.44128793,1
-0.0013370459,0.0025823785,0.01295181,0.44701573,1
-0.0030634257,0.004308571,0.01876618,0.42563334,1
-0.00137026,0.002758687,0.013905629,0.45449015,1
-0.00070849026,0.0037267883,0.015845945,0.47904772,1
-0.0026495345,0.0040433607,0.019104311,0.44627622,1
-0.0008073272,0.0028798233,0.015592653,0.48431298,1
-0.0012822408,0.0026211278,0.015077079,0.47091654,1
-0.0025285613,0.0026937963,0.01469433,0.42192787,1
-0.0020570036,0.0028820555,0.016659515,0.45071566,1
-0.0026855534,0.0035907167,0.015642146,0.41229424,1
-0.0016819305,0.0025829624,0.013368613,0.44255918,1
-0.0043376256,0.0026994536,0.019345107,0.40785748,1
-0.0015009694,0.0030706276,0.016711773,0.46435338,1
-0.0012166549,0.0028469258,0.014112497,0.4650244,1
-0.0005393526,0.0031064923,0.015848607,0.49127972,1
-0.0013322282,0.0041013155,0.018906776,0.4731511,1
-0.0054729204,0.0032923075,0.02060794,0.38388425,1
-0.0014773898,0.0030064771,0.0153431995,0.45927987,1
-0.0008069232,0.003341439,0.014438718,0.47994038,1
-0.0020015778,0.0031177457,0.014334114,0.42765808,1
-0.0010360382,0.0039048814,0.017209701,0.47118583,1
-0.0009243176,0.0038791746,0.016800376,0.47418964,1
-0.0007336015,0.0022471875,0.011849693,0.4667919,1
-0.0007695641,0.0041349223,0.020308975,0.49219632,1
-0.001557747,0.003331681,0.017066808,0.4616279,1
-0.001517881,0.004140745,0.017427137,0.45996368,1
-0.0014641943,0.002886553,0.018816685,0.47360045,1
-0.0035405385,0.0034040902,0.019882742,0.43251228,1
-0.0033259657,0.004039399,0.020854868,0.44965374,1
-0.00044319613,0.0030865364,0.015335005,0.49478945,1
-0.0011463385,0.0024705576,0.01304252,0.460104,1
-0.0011103321,0.003672142,0.017690124,0.4761423,1
-0.0014321981,0.0027622443,0.020320736,0.48556685,1
-0.0019297809,0.003108499,0.014691434,0.4379579,1
-0.0014505885,0.0032177332,0.015669025,0.45902565,1
-0.0009980785,0.0030426346,0.01695809,0.4787783,1
-0.003280743,0.0030133598,0.017283842,0.41883972,1
-0.0012773703,0.0029941183,0.014322294,0.4636401,1
-0.0040852553,0.0026472518,0.020120962,0.4250308,1
-0.0007089438,0.0034149769,0.017851865,0.48470742,1
-0.0017931615,0.0029433568,0.01688409,0.45749292,1
-0.002119298,0.0033909243,0.01709614,0.44419652,1
-0.0030716374,0.0027846508,0.015435769,0.41170612,1
0.000108631255,0.0031472351,0.016141132,0.5118058,1
-0.0010033576,0.0024763506,0.012647966,0.465608,1
-0.0011191189,0.002316358,0.012592574,0.45389012,1
-0.0034778954,0.0030105698,0.015680954,0.3981098,1
-0.00087165856,0.0035927554,0.015207816,0.47362608,1
-0.00041028377,0.0035742081,0.013404511,0.48634908,1
-0.0006148611,0.0034412842,0.01963801,0.499527,1
-0.0010896749,0.0027118672,0.012478119,0.4594638,1
-0.0026963095,0.002498354,0.013754699,0.40993991,1
-0.003389899,0.0030514677,0.01740004,0.4175747,1
-0.000734404,0.00316872,0.014209862,0.48033425,1
-0.0013279207,0.003363637,0.015594078,0.46184158,1
-0.000430388,0.0035211032,0.019720573,0.502123,1
-0.0029948195,0.0030355605,0.015359187,0.41093642,1
-0.0009995677,0.0020122381,0.011211456,0.45092592,1
-0.001325763,0.0018889193,0.00907806,0.42404664,1
-0.0012019227,0.0024678349,0.015722573,0.47082016,1
-0.00062901754,0.0035342788,0.015616627,0.48388556,1
-0.0008246674,0.0028267258,0.015329059,0.48338053,1
-0.00082600734,0.0033097386,0.01725898,0.4812201,1
-0.001166022,0.0030541,0.0147229815,0.46965358,1
-0.001050866,0.0035546268,0.018086892,0.478178,1
-0.00044226096,0.0030662143,0.013918991,0.49116716,1
-0.00058388215,0.0030870116,0.013987513,0.48543495,1
-0.0014813951,0.0023218247,0.013618428,0.45317212,1
-0.0014632895,0.002537511,0.017608643,0.46963686,1
-0.001629517,0.0023334015,0.011614043,0.4283804,1
-0.0012539724,0.0029348743,0.012453137,0.4566098,1
-0.0009785239,0.0023992,0.012096955,0.46060154,1
-0.0028540336,0.0036833459,0.015763028,0.40804875,1
-0.0016703411,0.0025288025,0.013865941,0.44728857,1
-0.0014377428,0.0020424728,0.010789626,0.42969623,1
-7.541194e-05,0.0035635487,0.015568681,0.49959433,1
-0.0023740567,0.002871531,0.01594987,0.43513432,1
-0.001830294,0.0017675922,0.012369292,0.43571645,1
-0.0026785338,0.0036308558,0.018043255,0.4357465,1
-0.0006809947,0.0025878642,0.012317799,0.47845742,1
-0.0009683608,0.002516683,0.013117573,0.46666253,1
-0.002779537,0.0042934045,0.019698383,0.44792435,1
-0.0010354054,0.0022506989,0.011457833,0.45159096,1
-0.0022218328,0.0032740328,0.015753798,0.43444768,1
-0.0012401425,0.0025956961,0.015261579,0.46891662,1
-0.0011148405,0.002572696,0.018227382,0.48295793,1
-0.0010652787,0.0030637432,0.01692296,0.47726253,1
-0.0007515912,0.004154167,0.017496107,0.47735548,1
-0.0010152856,0.0026691677,0.01381412,0.47090378,1
-0.0019568016,0.002214424,0.011518789,0.41401204,1
-0.002562784,0.0027715627,0.01681669,0.4384456,1
-0.0016473262,0.00250187,0.016204119,0.45804656,1
-0.0008136329,0.0023637149,0.013304319,0.47517174,1
-0.0032318982,0.0032352067,0.01567434,0.4023947,1
-0.00060766673,0.0034963584,0.017378356,0.48514432,1
-0.00082205265,0.0030001337,0.017308759,0.4854219,1
-0.002438057,0.0033427563,0.017146276,0.43860015,1
-0.00076920236,0.0017983125,0.010455685,0.45427465,1
-0.0010136868,0.0034825772,0.015864251,0.47217017,1
-0.00080181804,0.002951224,0.015740449,0.48378664,1
-0.0011978304,0.0024559328,0.013385653,0.4609724,1
-0.003228049,0.0031992074,0.016599491,0.4129706,1
-0.0016592119,0.0029578153,0.014030383,0.4437422,1
-0.00088966754,0.0030695759,0.014270651,0.47831547,1
-0.0011091168,0.0026219254,0.017448336,0.48210838,1
-0.00093214755,0.0028069757,0.0150566995,0.47848174,1
-0.0012548605,0.0029960554,0.015950166,0.47006804,1
-0.0029264654,0.0026878633,0.0152885895,0.4152256,1
-0.0010400164,0.0020676297,0.011163734,0.4462057,1
-0.00032071755,0.0027415068,0.014200021,0.49574423,1
-0.0022125817,0.002503617,0.01239432,0.4170319,1
-0.00010721416,0.0032022977,0.013953592,0.499633,1
-0.0031690102,0.003467355,0.015887966,0.40290806,1
-0.0019882391,0.0041861837,0.017956993,0.44795078,1
-0.001168499,0.0023034404,0.017413229,0.47760674,1
-0.0007324058,0.0029671716,0.013836809,0.4810123,1
-0.0008108523,0.0023798496,0.012512574,0.46966827,1
-0.0024936288,0.0028839188,0.01563419,0.42902428,1
-0.0009807842,0.0026982087,0.014205823,0.47345173,1
-0.00035921982,0.0030831008,0.015623068,0.49671406,1
-0.0033739435,0.0036079888,0.019146673,0.42867157,1
-0.0028284737,0.002356224,0.012300136,0.39595252,1
-0.00047850606,0.0034260629,0.013106336,0.48705095,1
-0.0020093673,0.0019242321,0.017227115,0.4565444,1
-0.0010463705,0.0030266293,0.017043428,0.47799495,1
-0.0013706537,0.00257308,0.01463889,0.4626563,1
-0.0026815594,0.0030801466,0.021566646,0.46778142,1
-0.0005437987,0.0029280786,0.012115385,0.4817279,1
-0.00335357,0.0031571938,0.01904112,0.4329891,1
-0.002019153,0.0038938196,0.018563809,0.45679024,1
-0.0006140116,0.0036857037,0.017294243,0.4830072,1
-0.002799544,0.0032825668,0.016624339,0.42427206,1
-0.00066555623,0.002630538,0.012492233,0.48008478,1
-0.0010769875,0.0021550574,0.011320039,0.445084,1
-0.0042169485,0.0034014408,0.021706324,0.4362499,1
-0.0035156654,0.0028615636,0.01904947,0.4256265,1
-0.0022852595,0.0034761734,0.019555606,0.45583463,1
-0.0014195085,0.002863073,0.014219712,0.45119217,1
-0.0014248387,0.0037234116,0.019147683,0.4747825,1
-0.0028508028,0.003307546,0.019251252,0.44941857,1
-0.00014889236,0.0027284597,0.012564683,0.4983229,1
-0.00058485306,0.0030947926,0.016904535,0.49233007,1
-0.005024234,0.0026537024,0.019496689,0.38915756,1
-0.00092276785,0.0027508053,0.012614924,0.46931982,1
3.8987764e-05,0.0041801957,0.016567636,0.49684572,1
-0.001987371,0.0031885616,0.016029185,0.44500515,1
-0.0013387353,0.0028142098,0.014174711,0.4569323,1
-0.0027656653,0.0031360947,0.015604288,0.41657218,1
-0.003027085,0.003674748,0.021467675,0.46397412,1
-0.0015482291,0.0030409175,0.014025251,0.4449917,1
-0.00061024737,0.0036713476,0.015539938,0.48345223,1
-0.00045706562,0.0023663815,0.010967522,0.47776905,1
-0.0010922599,0.002479535,0.012274352,0.46065027,1
-0.0029000551,0.0034574466,0.018227054,0.4319326,1
-0.0007991339,0.0028778005,0.017960839,0.48747224,1
-0.0006244885,0.0023718355,0.012800788,0.48001507,1
-0.001272392,0.0033215585,0.015567967,0.46680823,1
-0.002117969,0.0031423827,0.018621648,0.45939547,1
-0.00083913084,0.0029743973,0.019248473,0.49152908,1
-0.0014121647,0.0031963072,0.016990827,0.46623752,1
-0.0020761746,0.0028478855,0.018557644,0.4584119,1
-0.00080732646,0.002582485,0.012358611,0.4731283,1
-0.0020785371,0.003960608,0.019790843,0.46842292,1
-0.0022542842,0.0040209913,0.019804522,0.45793727,1
-0.00033244988,0.0031720889,0.016920019,0.4978476,1
-0.0024670789,0.003712116,0.022366729,0.47548798,1
-0.00073208625,0.0032835875,0.014962898,0.48211026,1
-0.0004898811,0.0023494808,0.011229775,0.48169333,1
-0.0013058983,0.0032489232,0.019103343,0.47919863,1
-0.0008701038,0.0026675414,0.013727893,0.4756548,1
-0.00014789421,0.0025240765,0.009953867,0.48640758,1
-0.0015000727,0.0028308218,0.013962682,0.44731203,1
-0.0020419438,0.0041598356,0.018808786,0.4571741,1
-0.002800311,0.0037931001,0.018730205,0.43702513,1
-0.0013141758,0.0029495992,0.014808053,0.4619083,1
-0.0008614823,0.0030939947,0.017163342,0.4810723,1
-0.001103592,0.00325711,0.016481597,0.47284302,1
-0.00028955375,0.0029704077,0.012284278,0.4948306,1
-0.002842138,0.0028778298,0.014285202,0.4093256,1
-0.0013360457,0.0028508236,0.014253253,0.46014622,1
-0.0015581491,0.0031588443,0.015400766,0.45417154,1
-0.0014663256,0.0024164529,0.014330026,0.45887893,1
-0.0007686571,0.0026394185,0.01307041,0.47899517,1
-0.002310015,0.0025568216,0.015525505,0.43699792,1
-0.0011161738,0.002777933,0.014096383,0.46967325,1
-0.0011582329,0.0029632428,0.014360668,0.4690856,1
-0.001677142,0.0022759587,0.018178996,0.46569964,1
-0.001756069,0.0029529685,0.0150255,0.4449073,1
-0.0010234831,0.0027976527,0.013132324,0.46823353,1
-0.0036990736,0.0031282792,0.017799653,0.41152835,1
-0.002461473,0.0025429048,0.015656054,0.43778223,1
-0.0016463696,0.0036998342,0.017941982,0.46139643,1
-0.0013297172,0.002804442,0.019698001,0.48356095,1
-0.0015575641,0.0029880665,0.014106388,0.44858354,1
-0.0021550616,0.0032077571,0.014215074,0.4182818,1
-0.0017536739,0.002484105,0.019649975,0.47359228,1
-0.002034431,0.002893696,0.019388886,0.46708202,1
-0.0010184322,0.0025336186,0.017062604,0.48363015,1
-0.0008573577,0.0034635302,0.015888168,0.4774163,1
-0.001263504,0.003779673,0.015197144,0.4634714,1
-0.000686243,0.0035514454,0.018369118,0.48763674,1
-0.002742259,0.0034413598,0.019982902,0.4511937,1
-0.0014827261,0.0032133828,0.015112341,0.45696306,1
-0.0011904004,0.0032777537,0.017239578,0.4717178,1
-0.0016566354,0.0031674989,0.01732636,0.4621408,1
0.00030242818,0.0035253132,0.01786357,0.51436526,1
-0.0005766617,0.0021765942,0.011534638,0.4734,1
-0.00041937406,0.002991285,0.018049015,0.49830133,1
-0.00036155814,0.0036049152,0.016037948,0.4894296,1
-0.000737439,0.0027643861,0.01338516,0.4804284,1
-0.00083879946,0.0024924425,0.015191485,0.48303774,1
-0.0025137977,0.0026097926,0.0204575,0.461999,1
-0.0050998623,0.003900333,0.022172913,0.41264707,1
-0.0022245618,0.0026802379,0.012984199,0.41973394,1
-0.0010626081,0.0023410853,0.01404753,0.475159,1
-0.0013566606,0.002743488,0.014360877,0.46192926,1
-0.0037009767,0.0030551224,0.01624535,0.39628944,1
-0.0015605125,0.0038229446,0.019496318,0.4745352,1
-0.003108437,0.004215734,0.018894773,0.42659763,1
-0.0015881949,0.002978589,0.018489556,0.4704498,1
-0.0013885576,0.0029853857,0.014186041,0.45768958,1
-0.0013978581,0.002850204,0.013895966,0.45384932,1
-0.0025668642,0.0036370112,0.017124727,0.430155,1
-0.0040512243,0.0028196406,0.020485422,0.42857805,1
-0.0023591793,0.00439755,0.020186948,0.46308854,1
-0.0012591656,0.0026379912,0.013415877,0.4547841,1
-0.0028027995,0.0030960497,0.015589493,0.41819257,1
-0.0012527254,0.0027110365,0.013351907,0.456333,1
-0.0006325075,0.0031660944,0.015677877,0.48691612,1
-0.00088636833,0.0027247418,0.013285597,0.47411576,1
-0.0009891624,0.0025833733,0.012870364,0.46788764,1
-0.0010561104,0.0029937446,0.014278141,0.47131386,1
-0.00046476113,0.002687499,0.012559266,0.4857042,1
-0.00062870566,0.0024754829,0.013514623,0.48261404,1
-0.00046242654,0.0031975152,0.015007614,0.49099383,1
-0.0010321264,0.0027909467,0.013951776,0.47260544,1
-0.0010117734,0.0028760843,0.0142393885,0.47349712,1
-0.0008418791,0.0025377627,0.013068911,0.47327527,1
-0.0011228167,0.0027689706,0.013486222,0.46602714,1
-6.96779e-05,0.0029112592,0.012796265,0.49912676,1
-0.002432785,0.0035720968,0.018531652,0.4465914,1
-0.0018182753,0.0036072372,0.017708302,0.45992807,1
-0.0015238385,0.002657698,0.019501232,0.47865006,1
-0.0015443626,0.0027759771,0.013455853,0.43853697,1
-0.001371969,0.00282646,0.013358799,0.45193493,1
-0.0016446179,0.004339869,0.019806853,0.46904054,1
-0.0019517458,0.0036317469,0.017249161,0.45054814,1
-0.0010295155,0.0019728078,0.01088039,0.44459847,1
-0.0014487059,0.0034605528,0.01651562,0.45996162,1
-0.00061190745,0.003218408,0.016728148,0.48806983,1
-0.0017387581,0.0034211131,0.016930358,0.45503643,1
-0.0021168531,0.0027787234,0.013946347,0.43054485,1
-0.000568835,0.0026822265,0.012123161,0.48144007,1
-0.0011414583,0.0022758665,0.012699525,0.45819053,1
-0.0011672816,0.0028201828,0.013629706,0.4627682,1
-0.0012056316,0.0031030928,0.015145832,0.4664485,1
-0.0005415704,0.0027734723,0.01332534,0.48886624,1
-0.0016898132,0.0020046828,0.012103119,0.43425468,1
-0.0014473206,0.0025941648,0.013913619,0.45423335,1
-0.0019260269,0.0027022122,0.013709872,0.43197468,1
-0.0014244419,0.0021919184,0.012472895,0.4500479,1
-0.0017201891,0.0029847661,0.014102662,0.4417533,1
-0.0014595719,0.003023337,0.014104168,0.45001763,1
-0.0006458845,0.0028429849,0.016393993,0.49130872,1
-0.003516397,0.0028018432,0.016225453,0.4053534,1
-0.0013091316,0.0027044353,0.014074412,0.4572257,1
-0.0015025563,0.0032429723,0.015786983,0.4594052,1
-0.0014475195,0.003260648,0.016371334,0.46203592,1
-0.0009333782,0.0026369442,0.013683499,0.47244176,1
-0.0012439399,0.0033561322,0.01596829,0.46652064,1
-0.004129228,0.003085276,0.01805372,0.39959273,1
-0.0023957116,0.0029511002,0.018329438,0.44633293,1
-0.0011044334,0.0036457633,0.015534712,0.4687046,1
-0.0013024431,0.0028355457,0.014398413,0.4615798,1
-0.00036734817,0.0033421924,0.013819579,0.48923904,1
-0.0029258258,0.0026619434,0.014207128,0.40328246,1
-0.00090830686,0.002922493,0.013160284,0.47292414,1
-0.00064839394,0.0032610076,0.016668413,0.48614854,1
-0.0021096577,0.00251549,0.0130601665,0.42519227,1
-0.0027709738,0.0026511664,0.02106051,0.46130413,1
-0.0010543615,0.003779043,0.015446566,0.46909732,1
-0.0016794107,0.003012877,0.018241532,0.46613124,1
-0.00035926895,0.0036627657,0.014219654,0.49103794,1
-0.004196893,0.004198031,0.020295454,0.41116127,1
-0.0017459947,0.002326833,0.020448575,0.4803982,1
-0.003048401,0.0035220548,0.019538688,0.4479754,1
-0.0014507094,0.0027345824,0.013614538,0.44903976,1
-0.0033986631,0.0035480438,0.016687216,0.40337858,1
-0.00094873516,0.0025490224,0.0119400695,0.4641179,1
-0.0008239894,0.002816914,0.012755436,0.47362924,1
-0.00066027365,0.0038536857,0.015636448,0.4806081,1
-0.000851475,0.0031341016,0.014197607,0.4787526,1
-0.0004288165,0.0029909601,0.012865259,0.48638374,1
-0.0005417108,0.0032876823,0.015413681,0.48893505,1
-0.0011264014,0.0021447544,0.011951693,0.44913316,1
-0.0010043994,0.0032046223,0.016833121,0.4772674,1
-0.0014620221,0.0024002227,0.016106887,0.46621373,1
-0.003610929,0.0036477533,0.020314142,0.4290734,1
-0.0010184355,0.0025251324,0.016990367,0.4810068,1
-0.0022044515,0.0022846663,0.014263769,0.43487248,1
-0.0010451874,0.0031812165,0.015424764,0.47344977,1
-0.00074249035,0.0029717637,0.016312666,0.4871483,1
-0.0026009076,0.0043523405,0.01683987,0.41828042,1
-0.003470737,0.0025899922,0.016253361,0.40793487,1
-0.002479263,0.003357232,0.018119188,0.44664726,1
0.00022957339,0.0038322248,0.015425064,0.5055668,1
-0.0017161994,0.0030991824,0.014997648,0.4444029,1
-0.001319405,0.003303265,0.016644968,0.4665928,1
-0.0006423719,0.0033411046,0.017952204,0.4874246,1
-0.0014911537,0.0028615564,0.017936103,0.46958694,1
-0.0010201375,0.00312348,0.013711661,0.47006157,1
-0.0027593924,0.0043286444,0.020574115,0.45453638,1
-0.003006702,0.003320642,0.020983908,0.45610234,1
-0.00075330737,0.002744976,0.012809722,0.47694394,1
-0.0024673755,0.0038982865,0.023202144,0.476194,1
-0.00061835756,0.0025698931,0.014119808,0.4861351,1
-0.00053016195,0.004194378,0.019641336,0.49364474,1
-0.00027601034,0.0031221935,0.019916814,0.5091735,1
-0.0016030547,0.0034385177,0.019033244,0.47005934,1
-0.0008658494,0.0034318524,0.016439585,0.477277,1
-0.0012111596,0.003447214,0.016087927,0.46725532,1
-0.0018794957,0.0022464977,0.015214092,0.45670447,1
-0.0025787626,0.003209105,0.020033676,0.4506798,1
-0.0029710673,0.0026362834,0.015737401,0.42005402,1
-0.004166661,0.0043182503,0.020321533,0.41018355,1
-0.0027904643,0.0037118238,0.018895779,0.44233838,1
-0.0011837786,0.001940892,0.010855308,0.44725353,1
-0.0026878081,0.0033176409,0.020439092,0.4593234,1
-0.0014490685,0.0027151003,0.013505141,0.4471762,1
-0.0025089704,0.0030415158,0.021322057,0.46933666,1
-0.001733351,0.004234333,0.020336555,0.47495407,1
-0.0014971662,0.003174125,0.013715233,0.44804573,1
-0.0016225957,0.0025670659,0.015589214,0.4639958,1
-0.0009915796,0.0033978545,0.013992899,0.46721032,1
-0.000852105,0.0026662743,0.012603838,0.4729975,1
-0.0012243876,0.004234238,0.017700078,0.46537378,1
-0.000723694,0.0031954,0.015027787,0.48262474,1
-0.0018360511,0.0026445228,0.01302225,0.43338016,1
-0.0025566113,0.0033345895,0.018500596,0.44780007,1
-0.0017029374,0.0028945704,0.0137317525,0.43678895,1
-0.0007649462,0.0030058254,0.016409235,0.48622203,1
-0.0011902922,0.0031976108,0.014358848,0.46653014,1
-0.00022149931,0.0024415746,0.01730743,0.51179504,1
-0.0010769806,0.0034368874,0.018266613,0.47823218,1
-0.0020611163,0.0028405408,0.018707221,0.46057945,1
-0.0015365763,0.0029722315,0.014458992,0.44784486,1
-0.0014466156,0.0025294772,0.013882416,0.45455825,1
-0.0006847128,0.0030206498,0.01644568,0.4876407,1
-0.00105872,0.002541211,0.013152706,0.46516868,1
-0.0008058574,0.0028329922,0.015794907,0.4844171,1
-0.0016430964,0.0021427253,0.014503265,0.45022166,1
-0.0019849085,0.0035686407,0.016915925,0.44648287,1
-0.0017996145,0.0029597983,0.016480772,0.45849144,1
-0.0035048444,0.0034252622,0.018961197,0.42362335,1
-0.00044735378,0.003041425,0.01313233,0.48839384,1
-0.0008639275,0.002966291,0.0149001535,0.4788773,1
-0.0012771928,0.0035754573,0.015695017,0.46330976,1
-0.0029061355,0.003901729,0.020645767,0.4599221,1
-0.0034885583,0.0029973218,0.018114557,0.42016572,1
-0.0009234656,0.0036713323,0.017195057,0.47634122,1
-0.0007887493,0.0025381816,0.013767121,0.47968966,1
-0.00080919726,0.0023486733,0.013153212,0.47363383,1
-0.00097354356,0.003656578,0.019512279,0.48609447,1
-0.00123765,0.0025431227,0.013997869,0.46340358,1
-0.001059985,0.0033315215,0.017072454,0.4741773,1
-0.0020945687,0.0031825162,0.01908786,0.4625265,1
-0.004663894,0.004965079,0.024366276,0.44100416,1
-0.0013641464,0.0035184054,0.015529013,0.4617334,1
-0.0013010267,0.0027712607,0.014203545,0.45768744,1
-0.0003457919,0.003249077,0.013803094,0.49152097,1
-0.0005664925,0.0035436298,0.016020358,0.48473066,1
-0.0018074086,0.0027081517,0.014409235,0.44493356,1
-0.0023052637,0.0027074676,0.013716942,0.4203016,1
-0.0008872399,0.0032158284,0.016003069,0.47871014,1
-0.0023958485,0.0031594264,0.017533703,0.4429269,1
-0.0020224801,0.0028315329,0.018644644,0.46200913,1
-0.0005547795,0.0038370693,0.016886257,0.48214945,1
-0.0018490171,0.0036885154,0.017731141,0.45864102,1
-0.0010717665,0.0024866979,0.0126799755,0.46095306,1
-0.0002250941,0.0031562576,0.013088172,0.4938794,1
-0.0014235158,0.002147731,0.012587491,0.4479049,1
-0.0037218558,0.004263651,0.02246358,0.45489818,1
-0.0018041533,0.0035123627,0.016402619,0.44903967,1
-0.00212709,0.0029585224,0.0151424855,0.43588632,1
-0.0017118796,0.003307472,0.018736152,0.46637037,1
-0.0012322499,0.0025740229,0.015449032,0.4695434,1
-0.0039762137,0.0039318814,0.021169461,0.43161446,1
-0.0012971946,0.0027656332,0.014065128,0.45752883,1
-0.0031804366,0.002975307,0.015209906,0.40218568,1
-0.0037338194,0.00302965,0.019638479,0.42809597,1
-0.00087383675,0.003081985,0.01630668,0.48136824,1
-0.00090274005,0.0026296852,0.01611753,0.484265,1
-0.0005637139,0.003992607,0.017127844,0.4828726,1
-0.0018631095,0.0020711399,0.011276129,0.4226198,1
-0.0027719343,0.0031098372,0.018248398,0.44054812,1
-0.00092355505,0.0023894345,0.016268179,0.4834301,1
-0.001976988,0.0026576072,0.014616242,0.4425785,1
-0.0011627334,0.0030614072,0.015096594,0.46704754,1
-0.0015363195,0.003508745,0.015838716,0.45842144,1
-0.002510712,0.0029842057,0.0140346205,0.4154339,1
-0.0023110558,0.0030064688,0.018025493,0.45181787,1
-0.0038132875,0.003787726,0.020121517,0.4282036,1
-0.00022854547,0.0037477242,0.01685482,0.49624,1
-0.002613052,0.002774718,0.0136267375,0.40358981,1
-0.0013003373,0.0023563139,0.012782676,0.44853327,1
-0.0002698863,0.003069783,0.013556052,0.49443677,1
-0.00086085894,0.0027245814,0.013476645,0.47706616,1
-0.000669062,0.0027555898,0.014559651,0.48496383,1
-0.0010628743,0.0029573306,0.014104666,0.47225338,1
-0.0025501933,0.0029924281,0.016673394,0.43534485,1
-0.0012965241,0.0028765216,0.014096842,0.46189654,1
-0.0004068047,0.0029958375,0.012520002,0.49083117,1
-0.0015294162,0.0037754087,0.01667347,0.4585582,1
-0.0012225222,0.0028106463,0.013426673,0.45877925,1
-0.0021275708,0.0028162554,0.014574702,0.43031642,1
-0.0023237611,0.0025551158,0.014645343,0.43237013,1
-0.00063603034,0.0030211662,0.01358216,0.4846542,1
-0.0015386107,0.00295271,0.014325398,0.44987607,1
-0.0001717753,0.0029833717,0.0138538,0.49976563,1
-0.00088434934,0.0030916762,0.016449925,0.4812259,1
-0.003669452,0.0036231803,0.01939148,0.42260143,1
-0.00051392784,0.0022127484,0.011395196,0.47711444,1
-0.0019096954,0.0042089014,0.019603388,0.46776423,1
-0.0015407347,0.0026916366,0.018868431,0.47692314,1
-0.0013779716,0.003465119,0.018737735,0.47470793,1
-0.0025951616,0.0027393703,0.013502093,0.40734974,1
-0.00020396204,0.0030590738,0.01405392,0.49848697,1
-0.0014031783,0.0034221234,0.016523276,0.46183172,1
-0.0019280163,0.002557971,0.015730936,0.45142135,1
-0.0046930755,0.0024454684,0.0145139415,0.35666773,1
-0.00016937703,0.00358629,0.014319065,0.49572515,1
-0.0011922313,0.0026129244,0.013267046,0.46076182,1
-0.001819914,0.0029611932,0.014472151,0.4415368,1
-0.0016975008,0.003047281,0.015771423,0.45447546,1
-0.0022695162,0.0031138523,0.01346507,0.41753513,1
-0.0014850126,0.0043574898,0.019040547,0.4682774,1
-0.0012701198,0.0018231923,0.010677892,0.43755397,1
-0.0011995782,0.0027574846,0.0136631625,0.46377456,1
-0.0012021685,0.0034588682,0.017507724,0.47129875,1
-0.00041591268,0.0039681476,0.018529681,0.49079415,1
-0.00030914156,0.0031803353,0.013522108,0.49270967,1
-0.0051235133,0.0035850222,0.022437273,0.4177869,1
-0.0007792504,0.0034738611,0.018191265,0.48529264,1
-0.0041749026,0.0038300809,0.0190441,0.4012492,1
-0.0019855963,0.00451189,0.020225545,0.4684487,1
-0.0009966557,0.0029758671,0.0178913,0.48165542,1
-0.0025466373,0.003914426,0.019256841,0.45450184,1
0.00034779732,0.002368315,0.011915123,0.51349276,2
0.0031283149,0.0033086757,0.021209627,0.56090003,2
0.001143349,0.0031245835,0.013925965,0.557584,2
0.002972418,0.0032147,0.0125,0.6164096,2
0.0014213914,0.0036148375,0.013722666,0.5767421,2
7.789462e-05,0.0023754155,0.0146138845,0.5108093,2
0.0009711611,0.0029787915,0.014398644,0.5334217,2
0.0006153431,0.0027594855,0.01640136,0.5188225,2
0.0006205385,0.0028315566,0.014251909,0.52585155,2
0.00089370675,0.002420252,0.0140641425,0.53679293,2
0.0020681974,0.003412429,0.015573905,0.5645911,2
0.00086189795,0.0036851524,0.015605357,0.5184129,2
-0.00012418049,0.0029301457,0.013421071,0.5078974,2
0.00074286666,0.0021908688,0.011476243,0.5352206,2
0.0013798618,0.0027595973,0.014948592,0.5473084,2
0.0017616466,0.0024036353,0.0142056085,0.567522,2
0.0017541854,0.0025959706,0.016747762,0.5622095,2
0.00064254296,0.0025443586,0.014925678,0.5296977,2
0.0012701546,0.0033860137,0.018740775,0.51564807,2
0.0035955738,0.00283747,0.012358093,0.642584,2
0.0023625237,0.0027736335,0.014615496,0.59050983,2
0.00043997346,0.0022462374,0.012351927,0.5158628,2
0.0010201521,0.0031465297,0.015456414,0.5303065,2
0.0016080375,0.0031786119,0.015437598,0.552805,2
0.00067603786,0.0028606756,0.013697171,0.53024113,2
0.0006386136,0.0026955635,0.012960269,0.5275603,2
0.0016684897,0.0033582214,0.012782868,0.5891848,2
0.0014017945,0.0032320155,0.014431841,0.5499937,2
0.00081139745,0.0025701255,0.016477713,0.5332758,2
0.0020718228,0.0030809718,0.013316283,0.585446,2
0.002000157,0.002713235,0.012818051,0.58831704,2
0.0016743533,0.0024827558,0.01743872,0.56226766,2
0.000510876,0.0025648272,0.014337312,0.52410704,2
0.0008017704,0.0029527512,0.013847016,0.53414434,2
0.0009055422,0.00277636,0.015750656,0.5317548,2
0.00095427723,0.0024823933,0.014988028,0.5394911,2
0.0008147691,0.002560565,0.012791578,0.5314294,2
0.0005024105,0.0021002847,0.012327264,0.52196985,2
0.0019876605,0.003054922,0.015180475,0.5622548,2
0.0022074669,0.002719386,0.013585713,0.5880465,2
0.0006034745,0.0024735515,0.01233646,0.52547234,2
0.00079599937,0.0032202543,0.014544749,0.52960205,2
0.0028688738,0.0024877274,0.016044144,0.5940377,2
0.0008704246,0.003389728,0.015064789,0.5290201,2
0.00055491086,0.0028179784,0.011727042,0.5365281,2
0.0015813197,0.002312375,0.013873367,0.56312996,2
0.00066305697,0.0029077998,0.0129679525,0.537505,2
0.0028853072,0.003106247,0.016070694,0.5863991,2
0.00068661163,0.0023148481,0.014057922,0.53227466,2
0.00014235146,0.0031084602,0.017484494,0.5011655,2
0.0007743574,0.0026870111,0.013978598,0.5308094,2
0.00092718063,0.0030813375,0.013925166,0.5440047,2
0.0003140573,0.0027809935,0.015987433,0.513032,2
0.002880419,0.0028615668,0.020441856,0.5783022,2
0.0012328147,0.0019544412,0.012267253,0.5529914,2
0.0013778661,0.0033002237,0.015059867,0.53988266,2
0.00062046456,0.0022596754,0.015793711,0.53271306,2
0.0003687079,0.003042967,0.01839826,0.50633013,2
0.0007377001,0.0031899936,0.0134942,0.5425943,2
0.00016869497,0.002571281,0.016378086,0.5115012,2
0.0036496238,0.0038375556,0.01847842,0.5755925,2
0.0012373693,0.0022329919,0.0137680555,0.5506565,2
0.0022174523,0.0027952192,0.013245459,0.5945462,2
0.0016092397,0.003355304,0.016899075,0.5306791,2
0.0009082413,0.0023026841,0.012729604,0.53791314,2
0.0009869417,0.0029960854,0.013112825,0.5575628,2
0.00094986515,0.0020307433,0.015832637,0.5460076,2
0.0013365648,0.0023024704,0.01391312,0.5532618,2
0.0010658131,0.0030465683,0.01436031,0.5404978,2
0.0019386157,0.003243683,0.014605868,0.5672849,2
0.00060249155,0.0024092356,0.010907187,0.5427147,2
0.0008635139,0.002472419,0.012656051,0.53461134,2
0.0009399423,0.0022830346,0.015056665,0.53880787,2
0.0004077571,0.0030729412,0.012486585,0.5337564,2
0.0017861397,0.0023441382,0.014121937,0.56825674,2
0.003332147,0.0035990882,0.015634656,0.5937977,2
0.001539743,0.003424727,0.01406617,0.57232946,2
0.0014786542,0.0033603127,0.01338653,0.583025,2
0.0007108097,0.0022863185,0.017561372,0.53717685,2
0.0004988395,0.0025966684,0.012100682,0.5210666,2
0.0026726818,0.0026992029,0.013542196,0.60518634,2
0.0017234628,0.003379266,0.013787777,0.5731109,2
0.001056534,0.0034128816,0.014445622,0.54593855,2
0.00062646746,0.0028618702,0.016561674,0.51730686,2
0.00047023434,0.0024529286,0.011931774,0.5168496,2
0.0011442681,0.003396799,0.015669588,0.5324781,2
0.0024307878,0.0028946227,0.017394098,0.5674831,2
0.0007041131,0.0027403927,0.012597421,0.5354996,2
0.0014490805,0.0028686256,0.016263928,0.54521775,2
0.0023750616,0.0036599203,0.012195858,0.61224836,2
0.0023678339,0.0015720178,0.012983698,0.5966473,2
0.0023958362,0.002434499,0.013732069,0.5921336,2
0.0006673242,0.0022936296,0.014626106,0.5314153,2
0.0009659962,0.003091033,0.015684549,0.5254222,2
6.535785e-05,0.0028699017,0.01207513,0.5153345,2
0.0020317403,0.0027464856,0.01755079,0.56146497,2
0.00053369306,0.0035891926,0.0145399,0.5194339,2
0.0013570723,0.0025347094,0.013028002,0.5612625,2
0.002423498,0.0034834647,0.016349506,0.5598428,2
0.0013642362,0.00330965,0.014222121,0.54789406,2
0.00071120646,0.0039242473,0.015785415,0.51011455,2
0.00093424367,0.0026996129,0.0134201795,0.5369536,2
0.0014730742,0.0025863282,0.012439409,0.5734174,2
0.00075710256,0.0035782172,0.014156524,0.54207325,2
0.0032067446,0.0034112444,0.016289681,0.5847777,2
0.0013548406,0.0025835237,0.013714497,0.5545087,2
0.00033172374,0.0025074852,0.01241049,0.5165561,2
0.00060573354,0.0024989082,0.011630517,0.5338026,2
0.0013158919,0.0024605126,0.013738542,0.5542341,2
0.0020966616,0.0021721465,0.015869834,0.57668054,2
0.0010043958,0.0029424457,0.016087618,0.52813435,2
0.00062616024,0.0025080156,0.013120309,0.5257471,2
0.00086372235,0.0029035038,0.013808111,0.5361976,2
0.00043509222,0.0024217372,0.012660642,0.5163153,2
0.00045266605,0.0027742242,0.013250969,0.5222604,2
0.0008351978,0.0032281424,0.020227555,0.5075746,2
0.00012426169,0.0026792956,0.01413009,0.5146246,2
0.001438542,0.0021372514,0.014721535,0.5566218,2
0.002958447,0.0033737365,0.01426952,0.5968729,2
0.0001751722,0.0030665349,0.0149641,0.50724393,2
0.0014368673,0.003308228,0.014953383,0.559559,2
0.0017006915,0.0022709128,0.013076881,0.57065433,2
0.0010563723,0.0033289685,0.01328711,0.56987983,2
0.00043191898,0.0021291117,0.011538978,0.51783365,2
0.0016788306,0.003059544,0.015729843,0.54578525,2
0.00047499136,0.003023707,0.015559026,0.51705956,2
0.0008822176,0.0027463583,0.014840284,0.5319945,2
0.0019065243,0.0029647145,0.013784697,0.57310015,2
0.00077788054,0.0020479383,0.013230276,0.535625,2
0.00019916528,0.002473162,0.015033965,0.5146927,2
0.0026527839,0.0029492304,0.016123107,0.58865976,2
0.0013623663,0.0039642965,0.014800871,0.56019366,2
0.0011655788,0.0033543692,0.014948164,0.5364926,2
0.0010087489,0.0028261135,0.012274762,0.5640218,2
0.0030153105,0.0035368465,0.01530354,0.5880487,2
0.0014549997,0.003112139,0.014435567,0.5507352,2
0.0013727245,0.0030334617,0.01442156,0.547263,2
0.0009640747,0.0027811385,0.014613573,0.53619885,2
0.0009047997,0.0030019972,0.018019605,0.5229048,2
0.00047797812,0.0018625528,0.0130717475,0.5245689,2
0.0013950426,0.002913677,0.014348671,0.550939,2
0.0019834272,0.0030554323,0.014224861,0.57607365,2
0.0016829028,0.0031903612,0.015068682,0.570385,2
0.00013720346,0.002823362,0.013816171,0.50972146,2
0.0006730536,0.0023622215,0.012075613,0.52628714,2
0.002122518,0.003044674,0.013505098,0.583331,2
0.0024393946,0.0032812809,0.017363971,0.561157,2
0.000182391,0.0029554446,0.0143041015,0.5153746,2
0.0014046131,0.0027600029,0.014557737,0.5546908,2
0.000992216,0.0018282839,0.012181212,0.54405314,2
0.0011642185,0.0020004942,0.011582513,0.55586517,2
0.0017458252,0.0029233138,0.016254513,0.55220914,2
0.000780204,0.0030787943,0.013155048,0.55117,2
0.0017191095,0.0028612537,0.01377635,0.56975836,2
0.0012228679,0.003337666,0.015676651,0.526315,2
-0.0005852625,0.0024458258,0.011296169,0.487307,2
6.152744e-05,0.0033283222,0.012840826,0.52001864,2
0.0025779346,0.0033162192,0.01729189,0.55936426,2
0.0015887803,0.0032760943,0.01483238,0.54797757,2
0.001037871,0.0027199772,0.015563488,0.5356532,2
0.00087391364,0.0030911837,0.015413445,0.5263698,2
0.0006537482,0.0027417296,0.015030154,0.5204142,2
0.0021511123,0.0024953634,0.016441036,0.57454807,2
0.0005863252,0.0032100808,0.013127156,0.53783333,2
0.0019332957,0.0033432483,0.019443918,0.5329183,2
0.0018699662,0.0032058554,0.01421627,0.5695221,2
0.0017367478,0.0033984391,0.01227526,0.5957168,2
0.0007323484,0.0038996735,0.015084719,0.5303591,2
0.0028617708,0.0029431786,0.017005753,0.58535296,2
0.0008066146,0.0026946026,0.0137353735,0.53230363,2
0.0004810978,0.002237567,0.014175918,0.518135,2
0.00067061215,0.0021063646,0.011814825,0.5288046,2
0.00012901294,0.0023233918,0.012707978,0.5101901,2
0.00067733385,0.0035193998,0.01500374,0.524744,2
0.0015759144,0.0033464974,0.014196493,0.5595603,2
5.6173267e-05,0.0031885183,0.01924752,0.49263945,2
0.0016637682,0.002248068,0.012259288,0.57855964,2
0.00047058545,0.003327552,0.014187924,0.5257688,2
0.00031709546,0.0023231972,0.013059737,0.5183556,2
0.0038802756,0.0033999532,0.014814672,0.62087625,2
0.00084592606,0.0033471785,0.018640287,0.50710857,2
0.00046705085,0.0038008527,0.013144378,0.54934555,2
0.0017888759,0.0025317015,0.014313821,0.5683806,2
0.0018368368,0.0028304202,0.01682767,0.5560398,2
0.0012091077,0.003285456,0.015203408,0.5316435,2
0.00066904735,0.0020488917,0.013196062,0.5309593,2
0.0012662105,0.002489837,0.013103078,0.552743,2
0.00045281826,0.0022761272,0.013055126,0.51818746,2
0.001826622,0.0032459553,0.016542552,0.5423058,2
0.00074887136,0.0021449765,0.012734498,0.5324389,2
0.0019050787,0.0024672917,0.016304446,0.56745714,2
0.00060650107,0.002839196,0.016385136,0.52054024,2
0.0013815141,0.0033059083,0.017244099,0.5251217,2
0.0004037711,0.0031485779,0.01321021,0.527804,2
0.00029844648,0.0027151078,0.015228099,0.5103766,2
0.0006410676,0.002685874,0.011270416,0.5490522,2
0.002565096,0.0029589778,0.014181294,0.58989745,2
0.0009825624,0.0018299723,0.011647272,0.54404575,2
0.0016377324,0.0035517593,0.015634371,0.5426002,2
0.0018670353,0.0036906626,0.01848583,0.5250491,2
6.208577e-05,0.0025669495,0.011440342,0.5059316,2
-0.00027546383,0.0017119879,0.011946345,0.48994786,2
2.066636e-05,0.0026397659,0.010555356,0.5138785,2
0.00041570034,0.003390479,0.012930048,0.5435204,2
0.0025774133,0.002642442,0.015450331,0.58911633,2
0.0005365199,0.003400025,0.013538012,0.53922254,2
0.0013268513,0.0021419835,0.013372761,0.5547972,2
0.0027158062,0.0030764865,0.016339546,0.57565856,2
0.0013149575,0.0035576907,0.015573169,0.5371454,2
0.0019381959,0.0031432854,0.012594039,0.5955788,2
0.0021136315,0.0030454304,0.013053829,0.5890393,2
0.0009922101,0.0027656925,0.013840307,0.53826714,2
0.0002888442,0.0031798268,0.012336483,0.5355679,2
0.0019960671,0.0026090308,0.016483782,0.5677313,2
0.002078205,0.003414083,0.015714495,0.5556114,2
0.0020075566,0.0024875866,0.017883088,0.5715378,2
0.0010781204,0.003338374,0.015024512,0.5397185,2
0.0023577055,0.0022823468,0.01591158,0.58560264,2
5.9120903e-05,0.0020417788,0.014355441,0.511588,2
0.0010913506,0.0032622488,0.01309842,0.5732448,2
0.00029522247,0.0025044659,0.010879877,0.52059907,2
0.0004941799,0.0032858404,0.015379207,0.51564723,2
0.0011093565,0.0025868062,0.014992782,0.5377511,2
0.0009848498,0.0020424512,0.014385084,0.54317546,2
0.0030008527,0.0023572142,0.011853901,0.6252466,2
0.0021729327,0.0030552289,0.014078466,0.5775331,2
0.00093826867,0.002578947,0.015735453,0.5364039,2
0.0019186285,0.0028118617,0.01885856,0.55664194,2
0.0009769266,0.00324616,0.012928363,0.57186675,2
0.00053614454,0.0038898636,0.01644435,0.5034675,2
0.00094597234,0.0035938865,0.015138224,0.53315675,2
0.00092028745,0.0025739858,0.01452742,0.5351459,2
0.001305781,0.0030816223,0.014711241,0.5406627,2
0.00081686024,0.0026898482,0.013957502,0.5337092,2
0.0020733092,0.002565744,0.016004814,0.57167345,2
0.0012716048,0.002861672,0.0131392805,0.5657857,2
0.00075708,0.002793354,0.013761794,0.5319914,2
0.00026330163,0.002512011,0.010637099,0.52232856,2
0.0023886925,0.0030490358,0.013873208,0.59360385,2
0.0008643519,0.002565375,0.013712217,0.5341727,2
0.0009932193,0.0034060255,0.014304784,0.5465191,2
0.00050078577,0.0026583583,0.014492164,0.52425236,2
0.00029803903,0.0023525017,0.014870586,0.51834893,2
0.00084178295,0.0015611356,0.014084743,0.54099685,2
0.0008807024,0.002975091,0.014559302,0.53093857,2
0.001349664,0.0028281603,0.015044982,0.54496795,2
0.0008346952,0.0021803365,0.013382565,0.5365162,2
0.0007380387,0.001956308,0.011934088,0.53389645,2
0.0022010747,0.0028830282,0.018028792,0.56163,2
0.000891674,0.0022824022,0.01808793,0.54151565,2
0.00047391022,0.0023957405,0.012949127,0.51727253,2
0.0014544657,0.0033833662,0.014823555,0.5413357,2
0.0015762304,0.0033706815,0.015971307,0.5427266,2
-0.00017253033,0.0022941004,0.013964839,0.5005682,2
0.0020784654,0.0031261127,0.0130131375,0.6008474,2
8.3026905e-05,0.0029487931,0.012011342,0.51853496,2
0.00044128185,0.0027428516,0.015527666,0.5141663,2
0.0033436664,0.0038225716,0.013774396,0.61329806,2
0.0003444863,0.0027427517,0.015833559,0.51465446,2
0.0015544748,0.0026083626,0.014338168,0.5590354,2
0.0007998997,0.003065669,0.014717048,0.5262229,2
0.00076297094,0.0026048552,0.012564266,0.53160846,2
0.00043794213,0.00255568,0.014907905,0.5191183,2
0.0005894477,0.0026838693,0.011968578,0.53310233,2
0.0006533304,0.0025097737,0.014437119,0.52597547,2
-0.00013909108,0.0028916297,0.011357106,0.51038784,2
0.0031020297,0.0034486433,0.017045498,0.5748998,2
0.002052452,0.0030304317,0.0148180425,0.5740191,2
0.0022363844,0.0034055854,0.014130609,0.58184505,2
0.0017785163,0.0023520503,0.013801211,0.56930846,2
0.000121671554,0.0028475889,0.0122831715,0.51555526,2
0.0007790973,0.0033309641,0.0153865395,0.5241168,2
0.001663746,0.0029477968,0.013131552,0.58034796,2
0.00087113475,0.0026600168,0.01701391,0.53295344,2
0.0014709051,0.0030343102,0.0139545025,0.5655989,2
0.0005684667,0.0029746378,0.0130754355,0.5318202,2
0.0016126954,0.0035564015,0.015510729,0.55018216,2
0.0015379376,0.003050876,0.018177863,0.537293,2
0.00088133686,0.0038154288,0.014382673,0.5473526,2
0.0012280039,0.0033508108,0.01270455,0.58482885,2
0.00094162073,0.0023501301,0.014532575,0.53829205,2
-0.00031881177,0.0025949248,0.013740993,0.50217444,2
0.0010060124,0.0022220707,0.012808876,0.54267573,2
0.0011395913,0.0027043526,0.016320426,0.5403568,2
0.00041921143,0.002770598,0.011625742,0.53231233,2
5.0945055e-05,0.0028252483,0.011683243,0.51377445,2
0.0015515928,0.002020714,0.016116556,0.5621022,2
0.0024131485,0.0034595397,0.013844679,0.5902867,2
0.0018879478,0.0028364,0.01461452,0.567773,2
0.0012810159,0.0031537637,0.014761615,0.5520216,2
0.001804054,0.00346194,0.015585449,0.5453938,2
0.00068031467,0.0030027167,0.016040135,0.52138495,2
0.00024229681,0.0030061149,0.0120892655,0.52983326,2
0.0008588835,0.0035807379,0.013898786,0.53876597,2
0.0017217849,0.0029432145,0.015609427,0.55092144,2
0.0009658154,0.0029467638,0.013887326,0.5412364,2
0.0015555173,0.003244754,0.016878657,0.5387687,2
0.00053181394,0.0021302232,0.011935962,0.52250355,2
-0.0005197672,0.0031775087,0.01569677,0.4823383,2
0.0019975805,0.0020964374,0.012101683,0.5910487,2
0.00050692394,0.0039474824,0.015066901,0.5248028,2
0.0017058501,0.0023883895,0.013280298,0.5722374,2
0.001523436,0.0024442244,0.014565928,0.5587275,2
-5.5710938e-05,0.0017989125,0.012142361,0.501271,2
0.0012228485,0.0035026916,0.011530312,0.59930515,2
0.0007221684,0.0034787208,0.013231265,0.55927086,2
0.0018501591,0.0020416204,0.01300917,0.5762693,2
0.002288689,0.0032049143,0.014798103,0.5740996,2
0.0023399796,0.002575224,0.013515392,0.5958515,2
0.002119867,0.0033609266,0.017601788,0.5407321,2
0.0011274427,0.0022652303,0.013832004,0.5459421,2
0.0010471967,0.002888801,0.016264932,0.5318659,2
-0.00026168095,0.0028526033,0.012839829,0.5027312,2
0.00088597054,0.0031745443,0.013940011,0.54370064,2
0.0022496933,0.0021340975,0.015238533,0.58515996,2
0.0015550379,0.0030789413,0.016559465,0.5381931,2
0.0007198593,0.0033939714,0.014254071,0.5359022,2
0.001038815,0.0032899708,0.015066764,0.5255197,2
0.0032929825,0.0029346705,0.012904403,0.62556696,2
0.0010692644,0.0031500622,0.015841912,0.52508724,2
0.0017152688,0.0029535384,0.013696783,0.5713201,2
0.0007925518,0.0026511918,0.013711579,0.53109133,2
0.0004992747,0.0024965762,0.015286074,0.52314454,2
0.0018187541,0.0028846464,0.013118561,0.58109385,2
0.003101813,0.0022640596,0.015314504,0.61000246,2
0.001359284,0.0033687537,0.014105461,0.56523645,2
0.002699269,0.003468146,0.015963048,0.5743334,2
0.002007611,0.003434267,0.01818369,0.53582984,2
0.0008562563,0.0025542432,0.013055303,0.53280497,2
0.00029848763,0.002099272,0.012211818,0.5106833,2
0.0014148044,0.002662626,0.017341517,0.5505623,2
0.0011377715,0.002334844,0.012773096,0.5467261,2
0.0014043723,0.0035590273,0.016716126,0.5255038,2
0.0010278065,0.00332159,0.014159805,0.54980314,2
0.0009679142,0.0031097198,0.013794406,0.54927796,2
0.00096570665,0.0033353234,0.0131881125,0.5692943,2
0.0010017805,0.0037072042,0.015650941,0.5237926,2
0.00079348776,0.0026162076,0.014297582,0.53394514,2
0.00055173546,0.0032484916,0.014170472,0.52753043,2
0.00082687463,0.0030494544,0.015176091,0.52472717,2
0.0013852258,0.002135231,0.017525276,0.5578537,2
0.0004252617,0.0025939867,0.015627297,0.5197101,2
0.0014278791,0.0031103827,0.014339837,0.5505483,2
-2.6130969e-05,0.0026251613,0.014358026,0.5087004,2
0.0014854671,0.0034196875,0.013615094,0.56474715,2
0.0023814884,0.0030759007,0.01607269,0.5666015,2
0.00074232684,0.00191994,0.013280533,0.53575194,2
0.0021229037,0.0026316906,0.0162984,0.57091343,2
0.0002700351,0.002336598,0.013248619,0.51080996,2
0.0005007218,0.0021642395,0.012976797,0.51997733,2
0.0008160571,0.003047191,0.016513878,0.52190286,2
0.0007329857,0.002830168,0.012144462,0.54798406,2
0.00045129444,0.002648646,0.013718104,0.5229961,2
0.0004955348,0.0020632937,0.012648926,0.52153426,2
0.0008669361,0.0023254615,0.014155668,0.53911686,2
0.0006633721,0.0019017633,0.01225409,0.5305945,2
0.001305848,0.0024717064,0.013389393,0.5546167,2
0.0013971052,0.0029327294,0.01389697,0.56187296,2
0.0008114961,0.0029172006,0.014492454,0.52866495,2
0.00048467555,0.0029194704,0.0139804585,0.52151227,2
0.002085035,0.0033567224,0.012655042,0.59400666,2
0.0012889424,0.0031870147,0.01350997,0.561964,2
0.0015243611,0.0028034174,0.013282817,0.5715303,2
0.00083108566,0.0035559295,0.01344641,0.55941534,2
0.003117508,0.0028399087,0.016491367,0.5933693,2
0.0017025222,0.0037541443,0.013700046,0.5863895,2
0.001693984,0.0030034988,0.017801406,0.5427066,2
0.0020902143,0.0031018383,0.018080005,0.5483426,2
0.0010519051,0.0030160162,0.013079836,0.561831,2
0.0008077523,0.0029005173,0.012839176,0.5476298,2
0.0010781982,0.0022203897,0.013611636,0.546205,2
0.002015017,0.0022032848,0.0136939585,0.57850736,2
0.0005905696,0.0025573445,0.013794756,0.52491057,2
0.0010307323,0.003530148,0.015129966,0.533092,2
0.0025235785,0.0029241361,0.017011007,0.5696385,2
0.0012365412,0.003204298,0.017984852,0.52359474,2
0.0009306537,0.0027542787,0.016219592,0.5340856,2
0.002859347,0.003485805,0.015190239,0.586,2
0.0014103737,0.0021598402,0.013040098,0.559261,2
0.0011003788,0.0027139427,0.013859278,0.5425223,2
0.00084923935,0.002463775,0.013253203,0.5425611,2
0.001833355,0.0029384713,0.013404951,0.57746744,2
0.0009783605,0.002585182,0.014920934,0.536327,2
0.0009647182,0.0028167327,0.017682439,0.5293091,2
0.0015374222,0.0027974404,0.015613334,0.55260724,2
0.0007316948,0.0025981702,0.011947825,0.5419884,2
0.0021087502,0.0029868353,0.014981629,0.57415223,2
0.00052049727,0.0025563452,0.015119185,0.52303773,2
0.0010116248,0.002876258,0.013437345,0.54880226,2
0.000424199,0.002194569,0.014484041,0.5197738,2
0.0026592552,0.002968472,0.017434575,0.5687804,2
0.0013055857,0.0025181458,0.016298782,0.55132264,2
0.0006096067,0.0023385317,0.013196852,0.5266653,2
0.0010818242,0.0026340534,0.01608752,0.5421182,2
0.00065806974,0.0023448037,0.013401929,0.52766764,2
0.0011948926,0.003016799,0.015158547,0.5364076,2
0.0022995595,0.0033547734,0.013596872,0.5888128,2
0.0012059456,0.0030951893,0.014157782,0.56189317,2
0.002765809,0.0025912968,0.016962705,0.5875744,2
0.0021733926,0.0033717388,0.012976775,0.59158975,2
0.0016925947,0.0029716766,0.013687694,0.5707319,2
0.0019255376,0.0025638193,0.013925207,0.57539433,2
0.0026886244,0.0033525927,0.01956592,0.55126005,2
0.0011081259,0.0036820504,0.012775323,0.59413415,2
0.0016812242,0.0019299862,0.014172947,0.5664034,2
0.00044621245,0.003243206,0.014246214,0.5226683,2
0.0025703625,0.002857757,0.016941417,0.5745608,2
0.00033934883,0.0015724362,0.0099763125,0.518645,2
0.0009236036,0.0015481889,0.011230812,0.5424315,2
0.0019322281,0.0025245615,0.014689774,0.5711158,2
0.0014174166,0.0025532213,0.0132965585,0.56053483,2
0.00087105343,0.0027687675,0.016486114,0.5297403,2
0.0020013826,0.0028651785,0.018575178,0.55796313,2
0.0017898654,0.0030971447,0.014427077,0.5751433,2
0.0007831065,0.0021061786,0.012653617,0.5360264,2
0.0007844512,0.0029829717,0.015672391,0.5251632,2
0.00241426,0.0024994614,0.0148965465,0.5843752,2
0.0006797249,0.0023290361,0.011949992,0.5295929,2
0.0010959131,0.0030945367,0.016836308,0.52615947,2
0.00053410267,0.0029005066,0.0123126265,0.5393204,2
0.0015509299,0.002461583,0.013785524,0.56087565,2
0.00014293831,0.0026337241,0.013648043,0.51440626,2
0.00157571,0.0023745515,0.012942902,0.56547076,2
0.0020771192,0.0031304592,0.01493702,0.58035225,2
0.0004953774,0.0028661576,0.01254458,0.5306304,2
0.0010566233,0.0019855169,0.012720677,0.54607457,2
0.00056059903,0.0022097887,0.011483199,0.52305204,2
0.0018502873,0.00340701,0.01640996,0.54146177,2
0.003074298,0.0027794326,0.011978959,0.6239953,2
0.0031229071,0.0024222753,0.015887074,0.6031572,2
0.0014660652,0.0037572864,0.015521172,0.5400293,2
0.0014042399,0.0030895327,0.013346468,0.5746572,2
0.00070458616,0.0024213989,0.014706971,0.53149974,2
0.0007355121,0.0029318898,0.01695998,0.5225114,2
0.00032873332,0.0034819108,0.014323341,0.5220961,2
0.0017056979,0.0020960425,0.013501762,0.57018155,2
0.0011592685,0.0024090414,0.011843685,0.5595323,2
0.002311557,0.0019227982,0.015283918,0.58959204,2
0.0011060304,0.0033951562,0.014592218,0.5480799,2
0.00074046646,0.0029339453,0.013913571,0.53204453,2
0.0013076451,0.0024348425,0.015384141,0.55108434,2
0.0023248093,0.0029257706,0.01406902,0.5847405,2
0.0007917618,0.0027131669,0.012979028,0.5339067,2
0.0006661164,0.002619333,0.012561934,0.53061944,2
0.001515194,0.002522397,0.012257449,0.5720665,2
0.0005585904,0.0031391457,0.013776499,0.52995634,2
0.00026916582,0.002624249,0.0135076,0.51709384,2
0.0017972558,0.0032271713,0.014820869,0.5575084,2
0.0004618525,0.0020095387,0.012192183,0.52090734,2
0.00055827387,0.0023986439,0.012088349,0.5231921,2
0.00041513852,0.0031600394,0.013290532,0.5282652,2
0.0008945672,0.0022772194,0.014698799,0.5406338,2
0.00087423954,0.0023471252,0.013220383,0.53597265,2
0.001962016,0.0038714698,0.012996241,0.6144681,2
0.0011014116,0.0028659864,0.019856546,0.53063786,2
0.0003437803,0.0027881046,0.013266527,0.5155991,2
0.0005946352,0.0019161283,0.014622785,0.52942705,2
0.0007214464,0.0028393755,0.01347942,0.53119516,2
0.00017559945,0.0020233006,0.012116812,0.50455004,2
0.0021588458,0.0025817687,0.015373504,0.5724356,2
0.0005672677,0.002323633,0.013868629,0.52255523,2
0.0005886441,0.0035107427,0.015213486,0.520485,2
0.0026097798,0.002717372,0.012715301,0.60557556,2
0.0015808907,0.0031851307,0.01791198,0.5328647,2
0.0013004353,0.0027937684,0.014064475,0.5534656,2
-7.297405e-05,0.0020441755,0.014133459,0.50727814,2
0.0017791061,0.002811372,0.014908491,0.56235826,2
0.0026273574,0.00318135,0.013674448,0.59459454,2
0.0016199718,0.0019653828,0.017058263,0.56517893,2
0.00028529574,0.001695603,0.010982685,0.51507604,2
0.001340194,0.0024217956,0.015518159,0.55046684,2
0.0035331743,0.002293243,0.017054794,0.6154398,2
0.00019525443,0.0027857537,0.0145117985,0.5146517,2
0.0010439083,0.0022752495,0.015932811,0.5459377,2
0.0011118437,0.0028350237,0.013045339,0.553276,2
0.0012406252,0.002770764,0.016875837,0.54018766,2
0.0014128225,0.0022476877,0.01378265,0.5573126,2
0.00072084577,0.002695935,0.012655699,0.5334094,2
0.0007633254,0.002669191,0.013472796,0.5326902,2
0.0019942883,0.002967268,0.013951188,0.5747715,2
0.00058501185,0.0024583663,0.011206027,0.53367597,2
0.0014479167,0.002986453,0.018973004,0.5362967,2
0.0009980258,0.0025311075,0.0143835135,0.54053974,2
0.0018740934,0.002347249,0.016352655,0.566005,2
0.0027381964,0.003309941,0.01599532,0.5806718,2
0.000581719,0.0037405477,0.013347557,0.55803496,2
0.0023512132,0.0025174196,0.01593054,0.58360434,2
0.0007821312,0.0023516263,0.013298379,0.53214306,2
0.0030112548,0.0027280694,0.01681056,0.5899587,2
0.0011221294,0.0021989564,0.012057859,0.55382574,2
0.0011152484,0.003312292,0.017704517,0.5167919,2
0.0012986957,0.0019439979,0.014512019,0.5547433,2
0.002266761,0.0034324971,0.016706517,0.55160725,2
0.0019923674,0.0024938995,0.016685968,0.57136065,2
0.0016064855,0.0022389533,0.013024251,0.5698381,2
-7.04497e-05,0.0020362423,0.01493851,0.5069614,2
0.00092609477,0.002750525,0.015690705,0.5289048,2
0.0025591978,0.0023565684,0.01821615,0.587228,2
0.00052722835,0.0029863873,0.014748532,0.51864266,2
0.0011923175,0.00310272,0.014574758,0.53749937,2
